{"mean": [0.07192745804786682, 0.05044863373041153, 0.08154413104057312], "std": [0.24600258469581604, 0.15090487897396088, 0.2491466999053955]}